<?xml version="1.0" encoding="UTF-8"?>
<!DOCTYPE xml>
<configuration scan="true">

	<!-- Send debug messages to System.out -->
	<appender name="STDOUT" class="ch.qos.logback.core.ConsoleAppender">
		<encoder>
			<pattern>%d{yyyy-MM-dd HH:mm:ss} %-5level [%file:%line] %msg%n</pattern>
		</encoder>
	</appender>

	<!-- Send debug messages to a file -->
	<appender name="FILE"
		class="ch.qos.logback.core.rolling.RollingFileAppender">
		<rollingPolicy class="ch.qos.logback.core.rolling.TimeBasedRollingPolicy">
			<!-- Daily rollover -->
			<fileNamePattern>${catalina.home}/logs/emptyspringrest-%d{yyyy-MM-dd}.log</fileNamePattern>
			<!-- Keep 7 days' worth of history -->
			<maxHistory>7</maxHistory>
			<!-- logs up to a maximum size of 10GB -->
			<totalSizeCap>3GB</totalSizeCap>
		</rollingPolicy>
		<encoder>
			<pattern>%d{yyyy-MM-dd HH:mm:ss} %-5level [%file:%line] %msg%n</pattern>
		</encoder>
	</appender>

	<!-- level: TRACE < DEBUG < INFO < WARN < ERROR -->
	<root level="INFO">
		<appender-ref ref="STDOUT" />
		<appender-ref ref="FILE" />
	</root>
</configuration>